name,x_mm,y_mm,Bx_T,By_T,Bmag_T
gap_center,0,12.5,6.758495956746244e-007,-0.05404018090990331,0.05404018091412954
yoke_hotspot,192.275,90.13,-0.03244729374613463,0.03182626112429728,0.0454503879917422
