name,x_mm,y_mm,Bx_T,By_T,Bmag_T
gap_center,0,12.5,2.021893121225457e-006,-0.6231268726386304,0.6231268726419107
yoke_hotspot,194.275,91.13,-0.6020960579031789,0.9199366528262747,1.099455823649026
