name,x_mm,y_mm,Bx_T,By_T,Bmag_T
gap_center,0,12.5,2.595056320817912e-006,-0.6234658837804348,0.6234658837858356
yoke_hotspot,194.275,91.13,-0.435353635128954,0.8175032417321622,0.9261988651810087
