name,x_mm,y_mm,Bx_T,By_T,Bmag_T
gap_center,0,12.5,-1.657429074016035e-005,-0.05881227150646878,0.05881227384192617
yoke_hotspot,192.275,90.13,-0.02673710934168386,0.02900208642888227,0.03944609021408225
