name,x_mm,y_mm,Bx_T,By_T,Bmag_T
gap_center,0,0.001,-0.0283786453324108,-0.3906533049365426,0.3916827187517291
yoke_hotspot,192.275,90.13,-0.574140275874689,0.9832302062785696,1.138586270301931
