name,x_mm,y_mm,Bx_T,By_T,Bmag_T
gap_center,0,12.5,2.775763373080186e-006,-0.623345546547211,0.6233455465533911
yoke_hotspot,194.275,91.13,-0.4964209125905432,0.8637413964819074,0.9962343712469186
