name,x_mm,y_mm,Bx_T,By_T,Bmag_T
gap_center,0,0.001,-0.02448198676129353,-0.433791777626986,0.4344820755941038
yoke_hotspot,192.775,90.38,-0.6050063241491084,1.082446074715483,1.240049255847272
