name,x_mm,y_mm,Bx_T,By_T,Bmag_T
gap_center,0,12.5,2.8354234625486e-006,-0.6234079822227726,0.6234079822292208
yoke_hotspot,192.275,90.13,-0.4922156244154416,0.8739044307610697,1.002988123071511
