n,ReCn,ImCn,|Cn|,Cn_over_fund
1,-0.2791208979586829,-0.4494112843743793,0.5290358950017388,1
3,0.28667558381821,0.01326019170677442,0.2869820953328133,0.5424624265464446
5,-0.1061728116007151,-0.003244235430124884,0.1062223657556497,0.2007847988373276
7,0.09993128663370214,-0.001470734595529799,0.09994210878562461,0.1889136630044661
9,-0.06196511538039896,0.001210394183543116,0.06197693585670165,0.1171507197191184
11,0.05949210878504147,-0.0025019496856513,0.05954469548096404,0.1125532237860124
13,-0.04340074508888087,0.001641720760733029,0.04343178468962839,0.08209610179567427
15,0.04219678554239746,-0.002535858404056135,0.04227291435371478,0.07990556926874659
