name,x_mm,y_mm,Bx_T,By_T,Bmag_T
gap_center,0,12.5,1.065327124432729e-006,-0.622751297072568,0.6227512970734793
yoke_hotspot,194.275,91.13,-0.8588769854920361,0.9365953271745006,1.270779478545746
