name,x_mm,y_mm,Bx_T,By_T,Bmag_T
gap_center,0,12.5,9.839485273900898e-007,-0.6228141421742917,0.6228141421750689
yoke_hotspot,192.275,90.13,-0.8624076093225496,0.9564079521156678,1.28781328440404
