name,x_mm,y_mm,Bx_T,By_T,Bmag_T
gap_center,0,12.5,2.123395295618328e-006,-0.6233407242833277,0.6233407242869443
yoke_hotspot,192.275,90.13,-0.5300389140517305,0.8941159570631185,1.039415506466992
