name,x_mm,y_mm,Bx_T,By_T,Bmag_T
gap_center,0,12.5,6.285454815990084e-006,-0.05590133497266361,0.05590133532602675
yoke_hotspot,192.275,90.13,-0.02957343497206934,0.03043912130978333,0.04243970030712893
