name,x_mm,y_mm,Bx_T,By_T,Bmag_T
gap_center,0,0.001,-0.03231836609031841,-0.44813787563401,0.4493017164050359
yoke_hotspot,193.025,90.505,-0.6069485018503264,1.150165090370405,1.300486916122233
