n,ReCn,ImCn,|Cn|,Cn_over_fund
1,-0.2930102791211272,-0.4714625252306303,0.5550963307097999,1
3,0.3010691637926707,0.01365546396053748,0.301378687174119,0.5429304257672665
5,-0.1117646135482812,-0.002677283790124409,0.1117966756665398,0.201400494799859
7,0.1043984359499626,-0.002580630847713542,0.1044303264591786,0.1881300968529982
9,-0.0642861945965412,0.001523591362914215,0.06430424672092434,0.1158434007998192
11,0.06200792817509092,-0.002894883690175128,0.06207546623382604,0.1118282770027507
13,-0.04486339763852316,0.001825740645731845,0.04490053203000743,0.08088781990793067
15,0.04386085840821154,-0.002641469004741596,0.04394032611176425,0.07915801939381926
