name,x_mm,y_mm,Bx_T,By_T,Bmag_T
gap_center,0,12.5,1.911945537411623e-006,-0.6232695827682653,0.6232695827711978
yoke_hotspot,192.275,90.13,-0.5814059305622937,0.917982091399393,1.08661123508963
