name,x_mm,y_mm,Bx_T,By_T,Bmag_T
gap_center,0,12.5,-3.045439370094773e-008,-0.05495860049462774,0.05495860049463618
yoke_hotspot,192.275,90.13,-0.03124376275543376,0.03150492861245136,0.0443704094864301
