name,x_mm,y_mm,Bx_T,By_T,Bmag_T
gap_center,0,0.001,-0.03375690044836124,-0.4669057925478413,0.4681244999384335
yoke_hotspot,193.275,90.63,-0.6177924532115747,1.17388404364992,1.3265260130058
