n,ReCn,ImCn,|Cn|,Cn_over_fund
1,-0.3055508916873505,-0.4916321479187709,0.5788467122461345,1
3,0.3139478856055105,0.01427798657596221,0.3142723910508749,0.5429285239115973
5,-0.1166260219901754,-0.002755893622405283,0.1166585785740203,0.201536220394762
7,0.1088137928615689,-0.002731915977228432,0.1088480816635143,0.1880430161573249
9,-0.06707338425004349,0.001585009823802863,0.06709210930426568,0.1159065222015757
11,0.06462227076353183,-0.003065611004644095,0.06469494454334909,0.1117652448820333
13,-0.04679098545634696,0.001889924673974672,0.04682913767356144,0.08090075780485555
15,0.04571118791962559,-0.002783190164381725,0.04579583876854354,0.07911565842853133
