name,x_mm,y_mm,Bx_T,By_T,Bmag_T
gap_center,0,12.5,1.409068035771813e-006,-0.6230166863197487,0.6230166863213421
yoke_hotspot,192.275,90.13,-0.7244517480949262,0.9614973987799266,1.203871913111341
