name,x_mm,y_mm,Bx_T,By_T,Bmag_T
gap_center,0,12.5,1.233536761896226e-006,-0.6229547915972283,0.6229547915984496
yoke_hotspot,194.275,91.13,-0.7068918951690036,0.9431841932697832,1.178682558575292
