name,x_mm,y_mm,Bx_T,By_T,Bmag_T
gap_center,0,12.5,7.005237042177602e-006,-0.05312216032806559,0.05312216078995707
yoke_hotspot,192.275,90.13,-0.03390539534249791,0.03205837910634834,0.0466617134732259
