name,x_mm,y_mm,Bx_T,By_T,Bmag_T
gap_center,0,12.5,1.707873312324827e-006,-0.6230440796439819,0.6230440796463227
yoke_hotspot,194.275,91.13,-0.6556280264738801,0.9314491598865126,1.139054716223644
