name,x_mm,y_mm,Bx_T,By_T,Bmag_T
gap_center,0,12.5,3.178386788370048e-006,-0.6234085698571719,0.6234085698652743
yoke_hotspot,194.275,91.13,-0.4631205788447695,0.8448665416932968,0.9634729595698602
