name,x_mm,y_mm,Bx_T,By_T,Bmag_T
gap_center,0,12.5,1.24760298635583e-006,-0.05781868711301948,0.05781868712647977
yoke_hotspot,192.275,90.13,-0.02757980347189429,0.02944947517625513,0.04034745528165537
