name,x_mm,y_mm,Bx_T,By_T,Bmag_T
gap_center,0,0.001,-0.02318592096868395,-0.4142682295504411,0.4149165614265391
yoke_hotspot,192.525,90.255,-0.5954742620026274,1.034293413638563,1.193462384075713
