name,x_mm,y_mm,Bx_T,By_T,Bmag_T
gap_center,0,12.5,-1.278033099791324e-006,-0.05134276852374708,0.0513427685396536
yoke_hotspot,192.275,90.13,-0.03641377012793287,0.03301197939801789,0.04915031473658224
