name,x_mm,y_mm,Bx_T,By_T,Bmag_T
gap_center,0,12.5,1.207821133875441e-006,-0.6229188760059505,0.6229188760071215
yoke_hotspot,192.275,90.13,-0.7846336808035461,0.9652333978024137,1.243915401176669
