{
  "name": "case_0004",
  "I_amp": 521.33,
  "N_turns": 24,
  "depth_mm": 100.0,
  "MODEL_FRACTION": "quarter",
  "USE_M1200": 0,
  "STEEL_LAM_FILL": 0.98,
  "h_ap_mm": 50.0,
  "w_pole_mm": 151.29,
  "w_leg_mm": 75.26,
  "c_h_mm": 51.0,
  "c_w_mm": 75.0,
  "dx_mm": 4.0,
  "dent_pole_h": 0.26666666666666666,
  "dent_pole_w": 0.18333333333333335,
  "dl_int": 0.23333333333333334,
  "dl_ext": 0.44999999999999996,
  "x_air": 350.0,
  "y_air": 250.0,
  "USE_A0_OUTER": 1,
  "mesh_air_far": 10,
  "mesh_steel": 2.0,
  "mesh_cu": 3.0,
  "mesh_gap": 2.0,
  "scan_N": 401,
  "bx_scan_N": 401,
  "multipoles_nh": 15,
  "multipoles_np": 200,
  "multipoles_Rs_mm": 20.0,
  "out_dir": "out",
  "scan_y": 12.5,
  "scan_xmin": 0.0,
  "scan_xmax": 75.645,
  "bx_scan_y": 0.0,
  "bx_scan_xmin": 0.0,
  "bx_scan_xmax": 60.0,
  "BH_DAT_PATH": "../../materials/M1200-100A_45.dat",
  "yoke_hotspot_x": 192.27499999999998,
  "yoke_hotspot_y": 90.13
}